{"IcoMoonType":"selection","icons":[{"icon":{"paths":["M4141.261 557.254c24.986-24.993 24.986-65.516 0-90.509l-407.296-407.294c-24.998-24.994-65.523-24.994-90.509 0-24.998 24.994-24.998 65.516 0 90.509l362.035 362.039-362.035 362.039c-24.998 24.993-24.998 65.516 0 90.509 24.986 24.995 65.51 24.995 90.509 0l407.296-407.293zM0 576h4096v-128h-4096v128z"],"attrs":[{}],"width":4224,"isMulticolor":false,"isMulticolor2":false,"grid":0,"tags":["Arrow-next"]},"attrs":[{}],"properties":{"order":2,"id":1,"name":"Arrow-next","prevSize":32,"code":59648},"setIdx":0,"setId":2,"iconIdx":0},{"icon":{"paths":["M82.745 466.744c-24.994 24.995-24.994 65.517 0 90.51l407.294 407.293c24.993 24.993 65.516 24.993 90.509 0 24.995-24.993 24.995-65.516 0-90.51l-362.038-362.038 362.038-362.039c24.995-24.994 24.995-65.516 0-90.51-24.993-24.994-65.516-24.994-90.509 0l-407.294 407.293zM4224 448h-4096v128h4096v-128z"],"attrs":[{"fill":"rgb(196, 196, 196)"}],"width":4224,"isMulticolor":false,"isMulticolor2":false,"grid":0,"tags":["Arrow-pref"]},"attrs":[{"fill":"rgb(196, 196, 196)"}],"properties":{"order":3,"id":0,"name":"Arrow-pref","prevSize":32,"code":59649},"setIdx":0,"setId":2,"iconIdx":1}],"height":1024,"metadata":{"name":"ico_slider"},"preferences":{"showGlyphs":true,"showQuickUse":true,"showQuickUse2":true,"showSVGs":true,"fontPref":{"prefix":"ico_slider","metadata":{"fontFamily":"ico_slider","majorVersion":1,"minorVersion":0},"metrics":{"emSize":1024,"baseline":6.25,"whitespace":50},"embed":false,"autoHost":true,"showSelector":true,"showMetrics":true,"showMetadata":true,"showVersion":true},"imagePref":{"prefix":"icon-","png":true,"useClassSelector":true,"color":0,"bgColor":16777215,"classSelector":".icon"},"historySize":50,"showCodes":true,"gridSize":16,"quickUsageToken":{"UntitledProject":"YTdlZmQ5MDRkZTNlZDUwNDIxNjQwMzhiMjJiZTc3NTQjMSMxNjE2MDk0ODY5IyMj"}}}